fmutual_re,fself_re,fmutual_im,fself_im,fromnode,tonode
-0.677691615307 ; -0.296503560705 ; -0.466199055608,1.14016556952 ; 1.25928824759 ; 0.967515731682,1.07778343155 ; -0.296503560705 ; -0.466199055608,-2.65307156574 ; 1.25928824759 ; 0.967515731682,;1a;1b;1c,;2a;2b;2c
-0.477320726438 ; -0.166662698077 ; -0.289197891837,0.965563915875 ; 1.08523678513 ; 0.864484059736,0.764269593021 ; -0.166662698077 ; -0.289197891837,-2.21245581738 ; 1.08523678513 ; 0.864484059736,;3a;3b;3c,;4a;4b;4c
